<server>
  
	<mbean code="org.jboss.mail.MailService" name="jboss:mlalert=Mail"> 
		<attribute name="JNDIName">java:mlalert/Mail</attribute>
		<attribute name="User">ml-alert@mlhuillier.net</attribute>
		<attribute name="Password">alert1234</attribute>
		<attribute name="Configuration">
			<configuration>
				<property name="mail.smtp.starttls.enable" value="true"/>  
				<property name="mail.transport.protocol" value="smtp"/>
				<property name="mail.smtp.host" value="smtp.gmail.com"/>
				<property name="mail.smtp.port" value="587"/>
				<property name="mail.from" value="ml-alert@mlhuillier.net"/>
				<property name="mail.smtp.auth" value="true"/>  
				<property name="mail.debug" value="true"/>  
			</configuration> 
		</attribute> 
		<depends>jboss:service=Naming</depends> 
	</mbean> 

</server>
