<?xml version='1.0' encoding='UTF-8'?><!-- Published by JAX-WS RI at http://jax-ws.dev.java.net. RI's version is JAX-WS RI 2.2-hudson-752-. --><!-- Generated by JAX-WS RI at http://jax-ws.dev.java.net. RI's version is JAX-WS RI 2.2-hudson-752-. --><definitions xmlns:wsu="http://docs.oasis-open.org/wss/2004/01/oasis-200401-wss-wssecurity-utility-1.0.xsd" xmlns:wsp="http://www.w3.org/ns/ws-policy" xmlns:wsp1_2="http://schemas.xmlsoap.org/ws/2004/09/policy" xmlns:wsam="http://www.w3.org/2007/05/addressing/metadata" xmlns:soap="http://schemas.xmlsoap.org/wsdl/soap/" xmlns:tns="http://Integration.com/" xmlns:xsd="http://www.w3.org/2001/XMLSchema" xmlns="http://schemas.xmlsoap.org/wsdl/" targetNamespace="http://Integration.com/" name="GenericIntegrationService">
<types>
<xsd:schema>
<xsd:import namespace="http://Integration.com/" schemaLocation="https://moneytransit.no-ip.info:8181/MTIngeration/GenericIntegration?xsd=1" />
</xsd:schema>
</types>
<message name="searchTransaction">
<part name="parameters" element="tns:searchTransaction" />
</message>
<message name="searchTransactionResponse">
<part name="parameters" element="tns:searchTransactionResponse" />
</message>
<message name="SOAPException">
<part name="fault" element="tns:SOAPException" />
</message>
<message name="payTransaction">
<part name="parameters" element="tns:payTransaction" />
</message>
<message name="payTransactionResponse">
<part name="parameters" element="tns:payTransactionResponse" />
</message>
<message name="searchMTTN">
<part name="parameters" element="tns:searchMTTN" />
</message>
<message name="searchMTTNResponse">
<part name="parameters" element="tns:searchMTTNResponse" />
</message>
<message name="payoutMTTN">
<part name="parameters" element="tns:payoutMTTN" />
</message>
<message name="payoutMTTNResponse">
<part name="parameters" element="tns:payoutMTTNResponse" />
</message>
<portType name="GenericIntegration">
<operation name="searchTransaction">
<input wsam:Action="http://Integration.com/GenericIntegration/searchTransactionRequest" message="tns:searchTransaction" />
<output wsam:Action="http://Integration.com/GenericIntegration/searchTransactionResponse" message="tns:searchTransactionResponse" />
<fault message="tns:SOAPException" name="SOAPException" wsam:Action="http://Integration.com/GenericIntegration/searchTransaction/Fault/SOAPException" />
</operation>
<operation name="payTransaction">
<input wsam:Action="http://Integration.com/GenericIntegration/payTransactionRequest" message="tns:payTransaction" />
<output wsam:Action="http://Integration.com/GenericIntegration/payTransactionResponse" message="tns:payTransactionResponse" />
<fault message="tns:SOAPException" name="SOAPException" wsam:Action="http://Integration.com/GenericIntegration/payTransaction/Fault/SOAPException" />
</operation>
<operation name="searchMTTN">
<input wsam:Action="http://Integration.com/GenericIntegration/searchMTTNRequest" message="tns:searchMTTN" />
<output wsam:Action="http://Integration.com/GenericIntegration/searchMTTNResponse" message="tns:searchMTTNResponse" />
<fault message="tns:SOAPException" name="SOAPException" wsam:Action="http://Integration.com/GenericIntegration/searchMTTN/Fault/SOAPException" />
</operation>
<operation name="payoutMTTN">
<input wsam:Action="http://Integration.com/GenericIntegration/payoutMTTNRequest" message="tns:payoutMTTN" />
<output wsam:Action="http://Integration.com/GenericIntegration/payoutMTTNResponse" message="tns:payoutMTTNResponse" />
<fault message="tns:SOAPException" name="SOAPException" wsam:Action="http://Integration.com/GenericIntegration/payoutMTTN/Fault/SOAPException" />
</operation>
</portType>
<binding name="GenericIntegrationPortBinding" type="tns:GenericIntegration">
<soap:binding transport="http://schemas.xmlsoap.org/soap/http" style="document" />
<operation name="searchTransaction">
<soap:operation soapAction="" />
<input>
<soap:body use="literal" />
</input>
<output>
<soap:body use="literal" />
</output>
<fault name="SOAPException">
<soap:fault name="SOAPException" use="literal" />
</fault>
</operation>
<operation name="payTransaction">
<soap:operation soapAction="" />
<input>
<soap:body use="literal" />
</input>
<output>
<soap:body use="literal" />
</output>
<fault name="SOAPException">
<soap:fault name="SOAPException" use="literal" />
</fault>
</operation>
<operation name="searchMTTN">
<soap:operation soapAction="" />
<input>
<soap:body use="literal" />
</input>
<output>
<soap:body use="literal" />
</output>
<fault name="SOAPException">
<soap:fault name="SOAPException" use="literal" />
</fault>
</operation>
<operation name="payoutMTTN">
<soap:operation soapAction="" />
<input>
<soap:body use="literal" />
</input>
<output>
<soap:body use="literal" />
</output>
<fault name="SOAPException">
<soap:fault name="SOAPException" use="literal" />
</fault>
</operation>
</binding>
<service name="GenericIntegrationService">
<port name="GenericIntegrationPort" binding="tns:GenericIntegrationPortBinding">
<soap:address location="https://moneytransit.no-ip.info:8181/MTIngeration/GenericIntegration" />
</port>
</service>
</definitions>