<?xml version="1.0" encoding="UTF-8"?><beans xmlns="http://www.springframework.org/schema/beans"
    xmlns:xsi="http://www.w3.org/2001/XMLSchema-instance"
    xsi:schemaLocation="http://www.springframework.org/schema/beans http://www.springframework.org/schema/beans/spring-beans.xsd">
    <import resource="classpath:META-INF/cxf/cxf.xml"/>
    <import resource="classpath:META-INF/cxf/cxf-extension-corba.xml"/>
    <import resource="classpath:META-INF/cxf/cxf-extension-jaxws.xml"/>
    <import resource="classpath:META-INF/cxf/cxf-extension-soap.xml"/>
    <import resource="classpath:META-INF/cxf/cxf-extension-xml.xml"/>
    <import resource="classpath:META-INF/cxf/cxf-extension-addr.xml"/>
    <import resource="classpath:META-INF/cxf/cxf-extension-javascript-client.xml"/>
    <import resource="classpath:META-INF/cxf/cxf-extension-local.xml"/>
    <import resource="classpath:META-INF/cxf/cxf-extension-management.xml"/>
    <import resource="classpath:META-INF/cxf/cxf-extension-http-jetty.xml"/>
    <import resource="classpath:META-INF/cxf/cxf-extension-jms.xml"/>
    <import resource="classpath:META-INF/cxf/cxf-extension-object-binding.xml"/>
    <import resource="classpath:META-INF/cxf/cxf-extension-http-binding.xml"/>
    <import resource="classpath:META-INF/cxf/cxf-extension-jaxrs-binding.xml"/>
    <import resource="classpath:META-INF/cxf/cxf-extension-policy.xml"/>
    <import resource="classpath:META-INF/cxf/cxf-extension-rm.xml"/>
</beans>