<workunit>
    
    <invokers>
        <invoker type="folder" folderid="/home/mlpartner" caption="ML Partners Fund"  action="fetchPartnersFund"/>      
    </invokers>
    
    <controller lang="groovy">
        import javax.faces.model.*;
        import com.rameses.osiris2.web.annotations.*;
        import com.rameses.util.*;
        import ml.partners.fund.*;
        import ml.partners.fund.service.*;
        import com.rameses.web.util.FacesUtil;
        
        public class PartnersForm {
            
            List partnerslist;
	  List list;
	  List detailList;
	  String acctname;
	  String parent;
	  String name;
	  String currency;
	  String amount;
            
            @Resource("DBService/local")
            Object dbService;
            
            @Resource("PartnersService/local")
            Object pfService;
            
            @UserSession
            Object user;
	    
            PartnersFund fund;
	  
	  int pageindex = 1; 	
	  int limit = 20;
	  boolean hasmore;
            
            public String create() {
                fund = new PartnersFund();
	      return "create";
            }
            
            public List getPartnerslist() {
                if(!partnerslist) partnerslist = dbService.execute("system/getCorporateBranches", null);
                return partnerslist;
            }
            
            public String save() {
                fund.user = user.name;
                fund.branch = user.properties.branch;                
                fund = pfService.saveFund(fund);	      
                return fetchPartnersFund();
            }
	    
	  public String fetchPartnersFund() 
	  {		     
	      if(!name) name="";	
	      list = fetchlist(1, [acctname:name]);
	      return "default";
	  }
	  
	  private List fetchlist(int index, Map params) 
	  {
	      if(index &lt; 1) index = 1;
	      if(!params) {
		params = new HashMap();
	      }
	      
	      int startrow = (index * limit) - limit;
	      params.startrow = startrow;
	      params.limit = limit + 1;
	      def results = dbService.execute("fetchmlpartnersfund", params);
	      hasmore = (results.size &gt; limit);
	      if(hasmore) results.remove(results.size() -1);
	      pageindex = index;
	      return results;
	  }
	  
	  public void next() {
	      if(hasmore)  list = fetchlist(pageindex + 1, [acctname:name]);
	  }
	  
	  public void first() {
	       fetchPartnersFund();
	  }
	  
	  public void previous() {
	      if(pageindex > 1)  list = fetchlist(pageindex -1,  [acctname:name]);
	  }
	  
	  public String viewDetails() {
	      detailList = pfService.fetchFundDetail(parent);	
	      return "detail";
	  }            
	  
	  public String doCancel() {
		return "default";
	  }
	  
	  public String update() {	      
	      fund = pfService.fetchFund(parent);
	      fund.user = user.name;
	      fund.amount = new BigDecimal(amount);
                fund.branch = user.properties.branch;                
                fund = pfService.loadAccount(fund);
	      amount = null;
	      return viewDetails();
	  }
	  
        } 
        
        
    </controller>
        
    <pages>
        <page template=":/list"/>
        <page name="detail" template=":/funddetails"/>
        <page name="create" template=":/form"/>        
    </pages>
    
</workunit>