<!--
    Name: mlcardholder.updateCardNo
    Parameters: $$OLDCARDID, $$NEWCARDID
-->
<rule xmlns:db="db">
    
    <!-- 
        CHECK THE NEWCARDID IF EXISTS
    -->
    <event name="onfetchNewCard">
        <throw-exception>
            The new card number {$$NEWCARDID} already exists in the database.
        </throw-exception>
    </event>
    <db:get uri="java:mldb">
        <param>{$$NEWCARDID}</param>
        <sql>SELECT objid FROM mlkp.tblperson WHERE strcardid=? </sql>
        <onfetchrow eventname="onfetchNewCard"/>
    </db:get>

    
    <set-global name="FOUND">0</set-global>
    
    <!-- 
        UPDATE THE OLD CARD NUMBER WITH THE NEW ONE
    -->
    <event name="onfetchPerson">
        <set-global name="FOUND">1</set-global>
        <db:save uri="java:mldb">
            <param>{$$NEWCARDID}</param>
            <param>{$objid}</param>
            <sql>
                UPDATE mlkp.tblperson SET strcardid=? WHERE objid=?
            </sql>
        </db:save>
    </event>
    
    <db:get uri="java:mldb">
        <param>{$$OLDCARDID}</param>
        <sql>
            SELECT * FROM mlkp.tblperson 
            WHERE strcardid=?
        </sql>
        <onfetchrow eventname="onfetchPerson"/>
    </db:get>
    
    <if cond=" $$FOUND=0 ">
        <throw-exception>
            Card No. '{$$OLDCARDID}' does not exist                       
        </throw-exception>
    </if>
    
</rule>

